lesson_id,lesson_title,row_type,question_or_heading,option_a,option_b,option_c,option_d,answer,hint,explanation,key_phrase,icon
u1l1,What Is Value?,intro,Price is a number. Value is a judgment.,"Price is whatever someone will pay right now — it can be pushed around by mood, urgency, or bad luck. Value is your own honest estimate of what a business is actually worth, based on the cash it can produce over time.",,,,,,,FALSE,coin
u1l1,What Is Value?,intro,Meet Mr. Market,"Picture a business partner who knocks on your door every single day with a new price for your shares — sometimes cheerful and generous, sometimes gloomy and desperate. You're never obliged to trade with him. Some days you just say no thanks.",,,,,,,FALSE,coin
u1l1,What Is Value?,intro,Key phrase,"Intrinsic value = what a business is worth, independent of whatever its current price happens to say.",,,,,,,TRUE,coin
u1l1,What Is Value?,question,"Two identical push-carts sell the same tea recipe on the same street. One is priced at ₹2 lakh, the other at ₹3 lakh, just because its owner is short on cash and needs to sell fast. What does this tell you?",The ₹3 lakh cart must be the better business,Price can be pushed around by circumstances that have nothing to do with what the business is actually worth,Tea carts can't be valued at all,The cheaper cart is definitely a scam,B,"Think about what changed — the recipe and footfall, or just the seller's situation?","A seller's urgency, mood, or bad luck can move the price tag without changing anything about the cart's ovens, recipe, or footfall — that's the gap between price and value.",,coin
u1l1,What Is Value?,question,“Intrinsic value” is best described as:,Whatever number is printed on today's price tag,"What a business is actually worth, based on the cash it can generate over time",The size of a company's advertising budget,A rule that only applies to publicly listed companies,B,Re-read the key phrase from this lesson's opening cards.,"Intrinsic value looks past the sticker price and asks a harder question: how much cash can this business realistically produce, and for how long?",,coin
u1l1,What Is Value?,question,"Since price is easy to look up and value takes effort to estimate, most investors are better off just trusting the price.",True,False,,,B,Easy to find isn't the same as reliable.,"Price is convenient, not correct. It reflects whatever the crowd feels this instant — which is a very different thing from what the business is worth.",,coin
u1l1,What Is Value?,question,"A news channel runs a scary headline and a stock drops 8% within an hour, even though nothing changed inside the company. What best explains this?",The company's factories and contracts shrank by 8% in that hour,Short-term price is driven by mood and headlines; the underlying business moves far more slowly,The stock exchange revalues every company hourly,This kind of thing never actually happens,B,Could a factory or customer base really shrink 8% in sixty minutes?,"Sentiment can swing in minutes. A factory, a customer base, a brand — none of that gets rebuilt that fast, which is exactly why price and value can drift apart.",,coin
u1l1,What Is Value?,question,"Benjamin Graham imagined the market as a business partner, ‘Mr. Market,’ who shows up daily with a new price. His point was:","You must trade with Mr. Market every day, or you're doing it wrong","You're free to ignore Mr. Market on the days his offer looks foolish, and act only when it favours you","Mr. Market is always rational, so always take his price",Mr. Market only appears once a year,B,Remember — are you ever forced to say yes to him?,"Mr. Market is moody — sometimes euphoric, sometimes gloomy. You're never obligated to trade with him; his silly offers are simply ones you walk past.",,coin
u1l2,Price vs. Value,intro,"The wider the gap, the safer your bet","When you buy well below your own honest estimate of worth, you build in a cushion. If your estimate turns out a little too optimistic, that cushion is what protects you.",,,,,,,FALSE,scale
u1l2,Price vs. Value,intro,Quality isn't the whole story,A wonderful business bought at a foolish price can still be a poor investment. What you pay relative to what you get is the entire game — not just how good the business is.,,,,,,,FALSE,scale
u1l2,Price vs. Value,intro,Key phrase,Margin of safety = the cushion between what you pay and what you honestly believe something is worth.,,,,,,,TRUE,scale
u1l2,Price vs. Value,question,You estimate a snack-stall chain is worth about ₹10 lakh. Mr. Market offers it to you at ₹7 lakh today. The sensible move is to:,"Refuse, because a discount always means something is wrong",Take the offer seriously — buying below your own honest estimate is exactly when Mr. Market is worth listening to,Wait for Mr. Market to raise the price first,Ignore price entirely and only look at value,B,Is this one of the days Mr. Market's price actually favours you?,This is the whole point of the Mr. Market idea: his usefulness shows up on the days his price sits below what you believe the business is really worth.,,scale
u1l2,Price vs. Value,question,Your estimate of worth is ₹500/share. You buy at ₹350/share. Roughly how big is your margin of safety?,10%,20%,30%,50%,C,"Find the gap first, then divide it by the value estimate — not the price paid.","₹500 − ₹350 = ₹150, and ₹150 ÷ ₹500 = 30%. That gap is your cushion if your estimate turns out to be a little optimistic.",,scale
u1l2,Price vs. Value,question,“Margin of safety” exists mainly to protect you from:,Paying brokerage fees,Your own estimate of value being wrong,The company changing its logo,Having to file taxes,B,"It's not about fees, logos, or paperwork — think about where the real uncertainty lives.",No one's value estimate is perfect. Buying with a cushion below that estimate means small errors don't sink you.,,scale
u1l2,Price vs. Value,question,A falling share price is always proof that a business is getting worse.,True,False,,,B,"Could fear, forced selling, or market-wide panic move a price with the business untouched?","Prices fall for plenty of reasons unrelated to the business — sector-wide fear, forced selling, a bad quarter for the whole market. The business itself may be untouched.",,scale
u1l2,Price vs. Value,question,"Two friends each buy the same excellent bakery chain. Rina pays 12× its yearly profit; Dev pays 40×. A year later, both bakeries perform identically. Whose investment is more likely to disappoint?",Rina's — she paid too little,Dev's — he paid a price that already assumed years of growth that may not show up,Neither — price paid never matters,"Both equally, since it's the same bakery",B,"Same business, same results — so what's actually different between Rina and Dev?",A wonderful business bought at a foolish price can still be a poor investment. What you pay relative to what you get is the whole game.,,scale
u1l3,The Time Value of Money,intro,A rupee today beats a rupee tomorrow,Money in hand right now can be invested and start growing immediately. That earning window is the entire reason sooner is worth more than later — this idea is called the time value of money.,,,,,,,FALSE,clock
u1l3,The Time Value of Money,intro,Compounding vs. simple interest,Simple interest only ever pays on your original amount. Compound interest pays interest on the interest you've already earned too — which is why growth accelerates the longer you wait.,,,,,,,FALSE,clock
u1l3,The Time Value of Money,intro,Discounting runs the clock backward,"To find what a future rupee is worth today, you shrink it using a discount rate. The higher the rate, the smaller that future amount looks in today's money.",,,,,,,FALSE,clock
u1l3,The Time Value of Money,intro,Key phrase,Rule of 72: divide 72 by the annual growth rate to estimate how many years money takes to double.,,,,,,,TRUE,clock
u1l3,The Time Value of Money,question,"Your uncle offers you ₹1,00,000 today, or ₹1,00,000 in five years. Which should you prefer, and why?",Either — it's the same amount,Today — money in hand now can be invested and start growing immediately,In five years — money left untouched always becomes more valuable on its own,"In five years, to avoid the responsibility of managing it",B,What could you do with the money in the meantime?,Money today can be put to work right away. That earning window is the entire reason sooner is worth more than later.,,clock
u1l3,The Time Value of Money,question,"₹10,000 is invested at 10% annual compound interest. What is it worth after 2 years (roughly)?","₹11,000","₹11,600","₹12,100","₹13,000",C,"Grow it by 10% once, then grow that new total by 10% again.","Year 1: ₹10,000 × 1.10 = ₹11,000. Year 2: ₹11,000 × 1.10 = ₹12,100. The second year's interest is earned on the first year's interest too — that's compounding.",,clock
u1l3,The Time Value of Money,question,“Discounting” a future cash flow means:,Applying a retail markdown to it,Converting a future rupee amount into its equivalent worth in today's rupees,Deleting it from your calculations,Adding a bonus for good luck,B,It's the mirror image of compounding — working backward from the future.,"Discounting runs the compounding logic backward: it asks what amount today would grow into that future number, at a chosen rate of return.",,clock
u1l3,The Time Value of Money,question,"Two analysts value the same ₹1,00,000 cash flow arriving in 5 years. Anaya uses a 6% discount rate, Vikram uses a 12% rate. Whose present-value estimate comes out lower?",Anaya's,Vikram's,They must be equal,Impossible to say,B,A bigger discount rate shrinks the future faster.,"A higher discount rate shrinks future money faster — you're demanding more return for waiting, so the same future amount is worth less to you today.",,clock
u1l3,The Time Value of Money,question,Simple interest and compound interest give you the same result over multiple years.,True,False,,,B,Does simple interest ever pay interest on interest already earned?,"Simple interest only ever pays on the original amount. Compound interest pays interest on the interest too, so it pulls ahead more and more each year.",,clock
u1l3,The Time Value of Money,question,"The “Rule of 72” is a quick trick to estimate how long money takes to double. At 9% annual growth, roughly how many years until it doubles?",4 years,6 years,8 years,12 years,C,72 ÷ 9 = ?,72 ÷ 9 = 8. Divide 72 by the annual growth rate and you get a rough doubling time — handy for gut-checking compounding without a calculator.,,clock
u1l4,Reading a Balance Sheet,intro,Everything owned must be paid for by something,A balance sheet always balances: what a business owns (assets) was funded either by what it owes others (liabilities) or by the owner's own stake (equity).,,,,,,,FALSE,book
u1l4,Reading a Balance Sheet,intro,Assets vs. liabilities,"Assets are things the business owns or controls that hold economic value — cash, equipment, a delivery scooter. Liabilities are obligations it must eventually settle — loans, unpaid bills.",,,,,,,FALSE,book
u1l4,Reading a Balance Sheet,intro,Key phrase,Equity = Assets − Liabilities — what's actually left over for the owner once every debt is accounted for.,,,,,,,TRUE,book
u1l4,Reading a Balance Sheet,question,"Meera's Tiffin Service owns a delivery scooter, a rented kitchen deposit, and ₹50,000 cash — ₹1,00,000 in assets altogether. It owes ₹20,000 to a supplier. What is her equity?","₹20,000","₹80,000",The scooter's price alone,Impossible to know,B,"Start from total assets, then subtract what's owed.","Assets − Liabilities = Equity. ₹1,00,000 in assets minus ₹20,000 owed leaves ₹80,000 — what's actually hers once the debt is settled.",,book
u1l4,Reading a Balance Sheet,question,Which of these belongs on the “assets” side of a balance sheet?,A loan owed to the bank,Unpaid supplier bills,The delivery scooter the business owns,Retained losses from a bad year,C,Assets are things the business owns or controls.,Assets are things the business owns or controls that hold economic value — a scooter it can use or sell qualifies. Loans and unpaid bills sit on the opposite side of the ledger.,,book
u1l4,Reading a Balance Sheet,question,Which of these belongs on the “liabilities” side?,Cash in the till,A supplier invoice not yet paid,The kitchen equipment,Owner's equity,B,Liabilities are what the business owes to someone else.,"An unpaid invoice is money the business owes someone else — a liability, by definition.",,book
u1l4,Reading a Balance Sheet,question,The fundamental balance sheet equation is:,Revenue − Expenses = Profit,Assets = Liabilities + Equity,Price = Earnings × Multiple,Cash + Debt = Value,B,"This is this lesson's key phrase, rearranged.",Every rupee of assets was funded either by what the business owes others (liabilities) or by the owner's own stake (equity) — the two sides always balance.,,book
u1l4,Reading a Balance Sheet,question,"A business can own a large pile of assets and still be in real trouble, if its liabilities are even larger.",True,False,,,A,Size of assets alone doesn't tell you what's left over.,"Size of assets alone tells you little. What matters is the gap left over after liabilities — that gap is equity, and it can be thin, or even negative.",,book
u1l5,Three Ways to Value a Business,intro,Valuers lean on three lenses,The Asset Approach asks what the business owns. The Market Approach asks what similar businesses sold for. The Income Approach asks what it's likely to earn in the future. Most real valuations blend more than one.,,,,,,,FALSE,book
u1l5,Three Ways to Value a Business,intro,EBITDA strips out the noise,"Removing interest, tax, depreciation, and amortization from earnings lets you compare operating profitability across companies, even when they're financed or depreciate their equipment very differently.",,,,,,,FALSE,book
u1l5,Three Ways to Value a Business,intro,Key phrase,"Book Value = Total Assets − Total Liabilities — a useful floor, but it mostly ignores goodwill, often a business's biggest hidden asset.",,,,,,,TRUE,book
u1l5,Three Ways to Value a Business,question,Professional valuers generally lean on three broad approaches. Which trio is it?,"Guesswork, gut feeling, and negotiation","The Asset Approach, the Market Approach, and the Income Approach","Stock charts, news headlines, and social media buzz","Tax filings, payroll, and inventory counts",B,"Think: what it owns, what similar businesses sold for, what it's likely to earn.","These three — what it owns, what similar businesses sold for, and what it's likely to earn — are the pillars most valuation professionals build on.",,book
u1l5,Three Ways to Value a Business,question,The Asset Approach values a business mainly by:,Adding up the fair market value of what it owns and subtracting what it owes,Comparing its share price to rival companies,Forecasting ten years of future profit,Counting its social media followers,A,"The name is a clue — it's about what's on the shelves, not the future.","It's essentially: value everything the business holds at fair market value, then subtract liabilities — what's left is the net asset value.",,book
u1l5,Three Ways to Value a Business,question,A young food-delivery startup has no profit yet but plenty of orders coming in. Which Market Approach ratio would still work for it?,Price-to-earnings ratio (needs profit to exist),Price-to-revenue ratio — revenue exists even without profit,Book value of its office chairs,None — unprofitable companies can never be valued,B,"Which of these two things does the startup actually have: profit, or revenue?",Price-to-revenue is popular for young or fast-growing companies precisely because revenue shows up long before profit does.,,book
u1l5,Three Ways to Value a Business,question,The Income Approach is built around one core idea: a business is worth,Whatever its founder believes it's worth,"The future cash it's expected to generate, converted into today's money",The total salary of its employees,The price of its most expensive machine,B,This connects straight back to present value from the last lesson.,"This is present value in action — project the future benefit stream, then discount it back to what that stream is worth right now.",,book
u1l5,Three Ways to Value a Business,question,"EBITDA strips out interest, tax, depreciation, and amortization from earnings mainly so that:",The company pays less tax,Analysts can compare operating profitability across companies without financing or accounting choices distorting the picture,The numbers look bigger for investors,It replaces the need for a balance sheet,B,"It's about fair comparison, not about looking impressive.",Two companies can run near-identical operations but look very different once you factor in how each is financed or depreciates its equipment — EBITDA strips that noise out.,,book
u1l5,Three Ways to Value a Business,question,Book Value (Total Assets − Total Liabilities) is usually treated as a floor rather than a full answer. Why?,It's illegal to rely on it fully,"It leans on historic, depreciated figures and largely ignores goodwill — often a business's biggest intangible asset",It always overstates a company's worth,Only banks are allowed to calculate it,B,"Think about what accounting numbers leave out — brand, relationships, reputation.","Book value leans on historical accounting numbers and mostly ignores brand, customer relationships, and other goodwill — useful as a sanity-check floor, rarely the full story.",,book
u1l6,Growth vs. Value,intro,"Two philosophies, one goal",Value-minded investors hunt for businesses priced below what they're worth today. Growth-minded investors bet on how much bigger a business will become — and are willing to pay more now for a bigger future.,,,,,,,FALSE,coin
u1l6,Growth vs. Value,intro,Growth needs a bigger leap of faith,"The further out your assumptions reach, the more today's price depends on the future actually arriving on schedule.",,,,,,,FALSE,coin
u1l6,Growth vs. Value,intro,Key phrase,"A high price isn't automatically foolish, and a low price isn't automatically safe — the real question is always price against what's realistically ahead.",,,,,,,TRUE,coin
u1l6,Growth vs. Value,question,Which statement best describes a “growth” approach to investing?,Paying a premium today because you expect much larger profits down the line,Buying only companies that carry zero debt,Avoiding every technology company on principle,Refusing to ever sell a position,A,Think about what growth investors are betting will happen.,Growth investing accepts a higher price today in exchange for a bet on faster future expansion.,,coin
u1l6,Growth vs. Value,question,A retailer trades at 8× profit; a software company trades at 45× profit. This gap most likely reflects:,The software company is committing fraud,The market expects the software company's profits to grow much faster,Retailers are always mispriced,Multiples are handed out randomly,B,"Multiples often price in expectations, not just today's numbers.",Higher multiples often reflect higher expected growth — investors are paying today for profits they expect years from now.,,coin
u1l6,Growth vs. Value,question,A “value” label on a stock guarantees it's a safe investment.,True,False,,,B,Could a stock look cheap for a very good reason?,Cheap on paper doesn't mean safe. A company can be statistically cheap because it's genuinely troubled — a classic ‘value trap.’,,coin
u1l6,Growth vs. Value,question,What is a “value trap”?,A legal clause used in mergers,A stock that looks statistically cheap but is cheap because the underlying business is genuinely deteriorating,A discount offered directly by a stockbroker,A term with no real meaning,B,Think of a stock that looks like a bargain but isn't.,"A value trap is priced low for good reason — the business itself may be shrinking or struggling, so the apparent discount is a mirage.",,coin
u1l6,Growth vs. Value,question,Why does a growth-oriented purchase typically demand more forecasting than a value-oriented one?,Growth companies are required to file more paperwork,"More of the expected payoff sits further out in time, so more years must be predicted correctly",Growth companies don't publish financial statements,It doesn't — both require identical forecasting,B,"Where does most of the expected payoff sit — near-term, or years away?","When most of a company's expected value comes from profits several years away, small changes in those far-off assumptions swing the valuation a lot.",,coin
u1l7,Risk and Return,intro,No free lunch,Higher potential return usually comes bundled with higher potential pain. Understanding that trade-off is the beginning of managing risk sensibly.,,,,,,,FALSE,scale
u1l7,Risk and Return,intro,Risk wears more than one face,"It can mean losing money permanently, being unable to sell an asset when you need to (liquidity risk), or having one bad surprise wipe out a bet that was never spread around.",,,,,,,FALSE,scale
u1l7,Risk and Return,intro,Key phrase,Return is what you hope for. Risk is what you plan for.,,,,,,,TRUE,scale
u1l7,Risk and Return,question,Why do riskier investments generally need to offer higher expected returns to attract buyers?,Riskier investments are illegal without a return premium,To compensate investors for the extra chance of losing money,Government rules require it in every market,They don't — risk and return are unrelated,B,Why would anyone accept extra uncertainty for nothing extra in return?,Investors demand extra expected reward for bearing extra uncertainty — otherwise there'd be no reason to take the risk at all.,,scale
u1l7,Risk and Return,question,A fixed deposit paying 6% and a small startup offering a possible 40% return illustrate:,The startup is obviously the better choice,A basic risk-return trade-off — the higher potential payout comes bundled with meaningfully higher odds of loss,Fixed deposits are always a foolish choice,The numbers must be fabricated,B,Why might that 40% not be a sure thing?,The startup's higher potential payoff exists precisely because its odds of failure are much higher too.,,scale
u1l7,Risk and Return,question,"Putting your entire savings into one stock is a low-risk strategy, as long as you believe strongly in the company.",True,False,,,B,Does belief change what happens if one piece of bad news hits?,Concentrating everything in one bet means a single piece of bad news can do outsized damage — conviction doesn't remove that exposure.,,scale
u1l7,Risk and Return,question,“Liquidity risk” refers to:,The risk that a company mismanages its cash reserves,The risk that you can't sell an investment quickly without accepting a much lower price,The risk of interest rates changing,A risk that applies only to real estate,B,Think about what happens when you actually try to exit an investment.,Some investments are hard to exit quickly at a fair price — that inability to sell on your own timeline is liquidity risk.,,scale
u1l7,Risk and Return,question,"Which of these is a sensible response to risk, rather than an attempt to pretend it doesn't exist?","Avoiding all investing, forever",Spreading money across different bets that don't all fail for the same reason,Borrowing heavily to concentrate on one stock,Ignoring risk since it can't be perfectly measured,B,Think about what happens to a portfolio when bad news hits only one of many holdings.,"Risk can rarely be eliminated, but diversifying across bets that don't all fail together can reduce how hard any single mistake hurts.",,scale
u1l8,What Makes Cash Flow “Free”?,intro,Profit on paper isn't cash in hand,"A company can report a profit and still run low on cash, because profit includes non-cash items and ignores money tied up in day-to-day operations.",,,,,,,FALSE,clock
u1l8,What Makes Cash Flow “Free”?,intro,‘Free’ means left over after the essentials,"Free cash flow is the cash generated by operations, minus what's needed to maintain and grow the business's physical assets.",,,,,,,FALSE,clock
u1l8,What Makes Cash Flow “Free”?,intro,Key phrase,Free Cash Flow = Cash from Operations − Capital Expenditure.,,,,,,,TRUE,clock
u1l8,What Makes Cash Flow “Free”?,question,Free cash flow is best described as:,Total revenue collected in a year,The cash left over after a business covers its operating costs and needed spending on equipment or property,The cash sitting in the founder's personal account,A made-up figure with no real formula,B,Think about what's actually free to be paid out or reinvested elsewhere.,"It's the cash actually free to be paid out, reinvested elsewhere, or saved — after the business has funded what it needs to keep running.",,clock
u1l8,What Makes Cash Flow “Free”?,question,A company reports ₹10 crore net profit but spends ₹12 crore replacing aging machinery that same year. Which number better reflects its real cash position?,Net profit alone,"Free cash flow, which accounts for that spending",Neither number is informative,The company's share price,B,One of these two numbers ignores that ₹12 crore entirely.,"Net profit ignores the cash actually spent on new machinery; free cash flow captures it, which is why the two figures can tell very different stories.",,clock
u1l8,What Makes Cash Flow “Free”?,question,A business can look profitable on its income statement and still run out of cash.,True,False,,,A,Does profit account for money tied up in unpaid customer invoices?,Profit includes non-cash accounting entries and ignores things like money tied up in unpaid invoices — cash can run short even while profit looks healthy.,,clock
u1l8,What Makes Cash Flow “Free”?,question,“Capital expenditure” (CapEx) refers to:,Everyday office snacks and supplies,"Spending on long-lived assets like machinery, buildings, or equipment",Employee salaries,Marketing spend only,B,"Think long-lived, not day-to-day.","CapEx covers money spent on assets expected to be useful for years, like machinery or property — a direct input into the free cash flow formula.",,clock
u1l8,What Makes Cash Flow “Free”?,question,Why do many valuation approaches focus on free cash flow rather than net profit?,Free cash flow is easier to manipulate,Free cash flow better reflects the cash actually available to owners after necessary reinvestment,Net profit is not permitted in valuation work,There's no meaningful difference between the two,B,Think about accounting noise versus actual spendable cash.,Free cash flow strips out accounting noise and shows what's truly left for owners after the business reinvests what it needs to keep going.,,clock
u1l9,The P/E Ratio,intro,The most common shortcut in investing,"The Price-to-Earnings ratio compares what you pay for a share to how much profit that share represents — a fast, rough gauge used everywhere.",,,,,,,FALSE,book
u1l9,The P/E Ratio,intro,"A starting question, not a final answer",A low P/E can mean a bargain — or a business the market has good reason to doubt. The number alone never tells you which.,,,,,,,FALSE,book
u1l9,The P/E Ratio,intro,Key phrase,P/E = Share Price ÷ Earnings per Share.,,,,,,,TRUE,book
u1l9,The P/E Ratio,question,"A company's share trades at ₹200, with earnings per share of ₹10. What is its P/E ratio?",5,10,20,200,C,Divide price by earnings per share.,₹200 ÷ ₹10 = 20. You're effectively paying 20 times the company's current annual profit for one share.,,book
u1l9,The P/E Ratio,question,"A very low P/E ratio, on its own, most likely means:","The company is definitely a great buy, no further checking needed","It could be a genuine bargain, or a sign the market has real doubts about the business — it's a starting clue, not a conclusion",P/E ratios below 10 are against exchange rules,A low P/E always signals imminent bankruptcy,B,One number rarely settles the question by itself.,"A low P/E is a prompt to investigate further, not an automatic verdict — cheap for a good reason and cheap for a bad reason can look identical on this one number.",,book
u1l9,The P/E Ratio,question,P/E ratios are equally meaningful when comparing companies from completely different industries.,True,False,,,B,Do all industries share similar growth rates and capital needs?,"Different industries carry very different typical P/E levels because of different growth rates, capital needs, and risk profiles — comparing within the same industry is far more useful.",,book
u1l9,The P/E Ratio,question,"If a company's earnings are expected to grow quickly, investors will often accept:",A lower P/E than slower-growing peers,"A higher P/E than slower-growing peers, since they're partly paying for future growth too",No P/E ratio at all,A P/E fixed at exactly 15 by convention,B,Think about what a higher multiple is really paying for.,"Faster expected growth usually justifies paying more per rupee of today's earnings, since tomorrow's earnings are expected to be bigger.",,book
u1l9,The P/E Ratio,question,Which kind of company would typically show a meaningful P/E ratio at all?,A company with zero or negative earnings,A profitable company with positive earnings per share,"Any company, regardless of profit",Only companies that pay dividends,B,The formula needs a positive number on the bottom.,"P/E requires positive earnings to make sense — companies with no profit show a meaningless or undefined P/E, which is one reason price-to-revenue exists as an alternative.",,book
u1l10,Reading an Income Statement,intro,A scoreboard for a stretch of time,"Where the balance sheet is a snapshot at one moment, the income statement tracks what happened over a period — usually a quarter or a year.",,,,,,,FALSE,book
u1l10,Reading an Income Statement,intro,Follow the money down the page,"Revenue arrives first, then costs get subtracted step by step, until what's left at the very bottom is net profit.",,,,,,,FALSE,book
u1l10,Reading an Income Statement,intro,Key phrase,"Revenue − costs of every kind = profit, one line at a time.",,,,,,,TRUE,book
u1l10,Reading an Income Statement,question,"On an income statement, “Revenue” refers to:",Profit remaining after all costs,"The total money earned from selling goods or services, before any costs are subtracted",Cash currently sitting in the bank,The value of unsold inventory,B,"It's the very first line, before anything is subtracted.","Revenue is the top line — the full amount earned from sales, before a single cost has been deducted yet.",,book
u1l10,Reading an Income Statement,question,“Cost of Goods Sold” (COGS) typically includes:,Office rent for company headquarters,"The direct costs of producing what was sold, like raw materials and factory labour",Marketing campaigns,Executive salaries,B,Think about costs tied directly to making the product.,COGS covers the direct costs tied to making or delivering the product itself — separate from overhead like marketing or admin.,,book
u1l10,Reading an Income Statement,question,Revenue minus COGS gives you:,Net profit,Gross profit,Operating profit,EBITDA,B,This is the first profit checkpoint on the statement.,"Revenue − COGS = Gross Profit, the first profit checkpoint, before operating expenses like marketing and admin are subtracted.",,book
u1l10,Reading an Income Statement,question,Which of these typically comes last on an income statement?,Revenue,Gross profit,Operating profit,Net profit,D,Think about which checkpoint accounts for every single expense.,"The statement builds downward from revenue through several profit checkpoints, ending at net profit — the true bottom line after every expense, interest, and tax.",,book
u1l10,Reading an Income Statement,question,“Operating profit” already accounts for interest paid on debt and taxes owed.,True,False,,,B,Those two items come later on the statement.,"Operating profit reflects the business's core operations only, before interest and tax are subtracted — those come later, on the way to net profit.",,book
